Workbook

Sheet README
A1: Crypto Financial Crime Typologies — Reference & Detection Logic
A3: Seven small, independent illustrative cases — one per crypto financial crime typology — each built so a simple, testable formula distinguishes it from the other six. Built entirely in Excel formulas. No Python, no SQL, no VBA.
A5: DATA NOTE: every wallet address, transaction hash, and the referenced 'Bridge Protocol X' and scam report number are fictional, generated for this demonstration.
A7: How to use this workbook:
A8: 1. 'Typology_Glossary' — definition, red flags, and real-world context for all 7 typologies.
A9: 2. 'Transactions' — all 31 transactions across the 7 mini-cases, with label-based detection flags computed directly (Mixer Exposure, Scam-Related Flow, Cross-Chain Movement).
A10: 3. 'Wallet_Behavior_Analysis' — the 6 'subject' wallets whose aggregate in/out behavior distinguishes the 4 structural typologies (Layering, Mule, Rapid Movement, Consolidation/Dispersal) from each other.
A12: Three of the seven typologies are detected by a LABEL on a single transaction (does the counterparty match something already known?) — Mixer Exposure, Scam-Related Flows, and Cross-Chain Movement. These are computed directly on the Transactions sheet.
A14: The other four are detected by a wallet's AGGREGATE BEHAVIOR across multiple transactions — Layering, Mule Wallets, Rapid Movement, and Consolidation/Dispersal. These four are genuinely easy to confuse with each other (they're all 'funds pass through a wallet' at a glance), so this workbook deliberately designs each mini-case so exactly one combination of (inbound count, outbound count, dwell time, value retention) flags true for its intended typology and false for the other three:
A16: Typology | In count | Out count | Dwell time | Value retention
A17: Layering (one hop) | 1 | 1 | < 60 min | > 90%
A18: Mule wallet | 4+ | 1 | < 24 hours | n/a
... A26: - Nested IF / AND — turning the four behavioral metrics above into the four structural typology flags.

Sheet Typology_Glossary
A1: typology | B1: definition | C1: key_red_flags | D1: real_world_context
A2: Layering through crypto | B2: Moving funds through a sequential chain of wallets, each one forwarding nearly all of what it received to the next, to put distance between the original source and the eventual destination. | C2: Single inbound + single outbound per wallet; short dwell time; minimal value decay (little going to fees/other uses); chain of 3+ such hops in succession. | D2: The crypto-native equivalent of layering cash through shell companies — the goal is purely to add hops, not to accomplish any other transaction purpose.
A3: Mule wallets | B3: A wallet that collects many small amounts from numerous unrelated sources, then forwards the consolidated total onward — typically controlled by someone recruited (often unknowingly) to move funds on behalf of others. | C3: Wallet with no prior history suddenly receiving from several distinct counterparties in a short window; each individual inbound amount is small enough to avoid attention; a single (or few) consolidated outbound transfer follows. | D3: Often tied to romance scams, job scams ('money mule' recruitment), or distributed fraud proceeds being gathered before cash-out.
A4: Rapid movement of funds | B4: Funds that pass through a wallet almost immediately upon receipt, repeated across multiple cycles, rather than being held as part of ordinary wallet activity. | C4: Minutes-long dwell time between an inbound and the next outbound transfer; repeated 3+ times; different counterparties each cycle, suggesting a pass-through/automation pattern rather than a one-off. | D4: Consistent with scripted or automated laundering infrastructure rather than a human manually managing a personal wallet.
A5: Wallet consolidation/dispersal | B5: A two-phase pattern: multiple wallets funnel funds INTO a hub (consolidation), which then, after an interval, sends funds OUT to a new set of wallets (dispersal) — commonly used to break the link between a group of source wallets and a group of destination wallets. | C5: Fan-in from 3+ distinct wallets followed by fan-out to 3+ distinct new wallets at the same hub, with a longer aggregation dwell time than rapid-movement pass-through activity. | D5: Frequently seen in both laundering operations and legitimate exchange/custodian treasury management — the distinguishing factor is usually the lack of any other legitimate business context for the wallet.
A6: Mixer exposure | B6: Direct interaction (deposit or withdrawal) with a non-custodial mixing/tumbling service, which is specifically designed to break deterministic on-chain traceability between the funds going in and the funds coming out. | C6: Counterparty address matches a known mixing service in a screening reference list. Critically: a withdrawal from a mixer can only be CORRELATED (by timing and amount) to a prior deposit, never provably linked on-chain. | D6: Legitimate privacy-seeking users exist, but mixer use is heavily overrepresented in laundering flows and is treated as a significant risk indicator by virtually every crypto compliance program.
A7: Scam/fraud-related flows | B7: Funds whose origin is a wallet that has been independently identified — via a victim report, law enforcement referral, or external database — as associated with a specific scam or fraud scheme. | C7: Source (or, later in the chain, an upstream) wallet matches an entry on an internal or external scam/fraud report list, regardless of what the transaction pattern itself looks like. | D7: This typology is detected by REFERENCE DATA (what's already known about a wallet), not by transaction pattern analysis — which is exactly why keeping that reference data current matters as much as the detection logic itself.
A8: Cross-chain movement | B8: Funds that leave the chain being monitored via a bridge protocol and reappear on a different blockchain, which breaks single-chain analytics tooling unless the investigator specifically correlates activity across chains. | C8: Outbound transaction to a known bridge contract address. The real investigative work happens off the monitored chain: confirming a correlated inbound arrival (by amount, net of bridge fee, and timing) on the destination chain. | D8: An increasingly common evasion technique precisely because most compliance tooling and most analysts' habitual workflow is single-chain — cross-chain movement exploits that gap in coverage, not a gap in the blockchain's transparency.

Sheet Transactions
A1: case_id | B1: typology | C1: txhash | D1: datetime_utc | E1: from_address | F1: from_label | G1: to_address | H1: to_label | I1: value_eth | J1: notes | K1: flag_mixer_exposure | L1: flag_scam_related | M1: flag_cross_chain
A2: TYPO-1 | B2: Layering through crypto | C2: 0xcabfcef8ac81c6b167e15ce4f4630e0853ccfdd55d3c2764d99f8f6e4a0f2e72 | D2: 46027.375 | E2: 0x4f37a3b656b358ac7d8a20da156b47e8bf145508 | F2: Unattributed Source | G2: 0x326a898a59a1e301fc446b2bf8267bacd521837f | H2: Intermediate Hop 1 | I2: 25 | J2: Hop 1 of 4 | K2: =IF(OR(ISNUMBER(SEARCH("Mixer",F2)),ISNUMBER(SEARCH("Mixer",H2))),"YES","NO") -> NO | L2: =IF(OR(ISNUMBER(SEARCH("Reported Scam",F2)),ISNUMBER(SEARCH("Reported Scam",H2))),"YES","NO") -> NO | M2: =IF(ISNUMBER(SEARCH("Bridge",H2)),"YES","NO") -> NO
A3: TYPO-1 | B3: Layering through crypto | C3: 0x4badd0a664d94cb3c5d999eb65bd61ac86fbb2d30470dd10d069e09750d7c5ee | D3: 46027.385 | E3: 0x326a898a59a1e301fc446b2bf8267bacd521837f | F3: Intermediate Hop 1 | G3: 0x1c3bbeabd4a4084c5451878af71c8572f7242491 | H3: Intermediate Hop 2 | I3: 24.9 | J3: Hop 2 of 4 | K3: =IF(OR(ISNUMBER(SEARCH("Mixer",F3)),ISNUMBER(SEARCH("Mixer",H3))),"YES","NO") -> NO | L3: =IF(OR(ISNUMBER(SEARCH("Reported Scam",F3)),ISNUMBER(SEARCH("Reported Scam",H3))),"YES","NO") -> NO | M3: =IF(ISNUMBER(SEARCH("Bridge",H3)),"YES","NO") -> NO
A4: TYPO-1 | B4: Layering through crypto | C4: 0x715d3d3c4034a2136a630d93e5e66b4dc99c6e460a4b9a9289f1bd110266dbd1 | D4: 46027.396 | E4: 0x1c3bbeabd4a4084c5451878af71c8572f7242491 | F4: Intermediate Hop 2 | G4: 0x58b1707e7f5b3dcefbc30bd36eb40d8db6d77c2e | H4: Intermediate Hop 3 | I4: 24.8 | J4: Hop 3 of 4 | K4: =IF(OR(ISNUMBER(SEARCH("Mixer",F4)),ISNUMBER(SEARCH("Mixer",H4))),"YES","NO") -> NO | L4: =IF(OR(ISNUMBER(SEARCH("Reported Scam",F4)),ISNUMBER(SEARCH("Reported Scam",H4))),"YES","NO") -> NO | M4: =IF(ISNUMBER(SEARCH("Bridge",H4)),"YES","NO") -> NO
A5: TYPO-1 | B5: Layering through crypto | C5: 0x438d614d77ea81e5f29832a0289dafa75c4b6060210fa53a9cdfdb1217dd53ea | D5: 46027.406 | E5: 0x58b1707e7f5b3dcefbc30bd36eb40d8db6d77c2e | F5: Intermediate Hop 3 | G5: 0xd7de2201ac8b3904e01a7d7ff9feddec1f68b993 | H5: Final Sink | I5: 24.7 | J5: Hop 4 of 4 | K5: =IF(OR(ISNUMBER(SEARCH("Mixer",F5)),ISNUMBER(SEARCH("Mixer",H5))),"YES","NO") -> NO | L5: =IF(OR(ISNUMBER(SEARCH("Reported Scam",F5)),ISNUMBER(SEARCH("Reported Scam",H5))),"YES","NO") -> NO | M5: =IF(ISNUMBER(SEARCH("Bridge",H5)),"YES","NO") -> NO
A6: TYPO-2 | B6: Mule wallets | C6: 0xfeff06c9c9e2e540237e7b38d69c78523eb8eff8475cc279d36419be13ba5dc6 | D6: 46032.333 | E6: 0xd7f8ee039a404bae374a7a8270f5394507cac850 | F6: Source Wallet 1 (Unrelated) | G6: 0x120f84824907f93011168f9bc40fdae3c9dde3bd | H6: Mule Wallet (Hub) | I6: 1.2 | K6: =IF(OR(ISNUMBER(SEARCH("Mixer",F6)),ISNUMBER(SEARCH("Mixer",H6))),"YES","NO") -> NO | L6: =IF(OR(ISNUMBER(SEARCH("Reported Scam",F6)),ISNUMBER(SEARCH("Reported Scam",H6))),"YES","NO") -> NO | M6: =IF(ISNUMBER(SEARCH("Bridge",H6)),"YES","NO") -> NO
A7: TYPO-2 | B7: Mule wallets | C7: 0x0c7d5c734bb20b734eeb86a6d526e2b8f86376974f96e63329886ed30e15d32f | D7: 46032.342 | E7: 0x29882b77264be96add5e41b89f0f736a272b166f | F7: Source Wallet 2 (Unrelated) | G7: 0x120f84824907f93011168f9bc40fdae3c9dde3bd | H7: Mule Wallet (Hub) | I7: 0.9 | K7: =IF(OR(ISNUMBER(SEARCH("Mixer",F7)),ISNUMBER(SEARCH("Mixer",H7))),"YES","NO") -> NO | L7: =IF(OR(ISNUMBER(SEARCH("Reported Scam",F7)),ISNUMBER(SEARCH("Reported Scam",H7))),"YES","NO") -> NO | M7: =IF(ISNUMBER(SEARCH("Bridge",H7)),"YES","NO") -> NO
A8: TYPO-2 | B8: Mule wallets | C8: 0x6e232e50a42c6363244731495f7b09a0aae7be3ab966552533654c7d214a8ab3 | D8: 46032.351 | E8: 0x532fd98256d2add81a3144dad0077c05d04e51fb | F8: Source Wallet 3 (Unrelated) | G8: 0x120f84824907f93011168f9bc40fdae3c9dde3bd | H8: Mule Wallet (Hub) | I8: 1.5 | K8: =IF(OR(ISNUMBER(SEARCH("Mixer",F8)),ISNUMBER(SEARCH("Mixer",H8))),"YES","NO") -> NO | L8: =IF(OR(ISNUMBER(SEARCH("Reported Scam",F8)),ISNUMBER(SEARCH("Reported Scam",H8))),"YES","NO") -> NO | M8: =IF(ISNUMBER(SEARCH("Bridge",H8)),"YES","NO") -> NO
A9: TYPO-2 | B9: Mule wallets | C9: 0x729668447a7ca1664b010df212f874b1a646fb2e66ef4ac7b2c32f05f2ce2689 | D9: 46032.361 | E9: 0xfcff051135a6a47cf54fdafdef68c49164d4b00b | F9: Source Wallet 4 (Unrelated) | G9: 0x120f84824907f93011168f9bc40fdae3c9dde3bd | H9: Mule Wallet (Hub) | I9: 1.1 | K9: =IF(OR(ISNUMBER(SEARCH("Mixer",F9)),ISNUMBER(SEARCH("Mixer",H9))),"YES","NO") -> NO | L9: =IF(OR(ISNUMBER(SEARCH("Reported Scam",F9)),ISNUMBER(SEARCH("Reported Scam",H9))),"YES","NO") -> NO | M9: =IF(ISNUMBER(SEARCH("Bridge",H9)),"YES","NO") -> NO
A10: TYPO-2 | B10: Mule wallets | C10: 0xf86586b870b5008e5c407c3b8251aec1e221839826599ccbe28e2f14cee8c435 | D10: 46032.372 | E10: 0x26a6e87a924dd06b71dae5c5c73c294e175b6f4c | F10: Source Wallet 5 (Unrelated) | G10: 0x120f84824907f93011168f9bc40fdae3c9dde3bd | H10: Mule Wallet (Hub) | I10: 0.8 | K10: =IF(OR(ISNUMBER(SEARCH("Mixer",F10)),ISNUMBER(SEARCH("Mixer",H10))),"YES","NO") -> NO | L10: =IF(OR(ISNUMBER(SEARCH("Reported Scam",F10)),ISNUMBER(SEARCH("Reported Scam",H10))),"YES","NO") -> NO | M10: =IF(ISNUMBER(SEARCH("Bridge",H10)),"YES","NO") -> NO
A11: TYPO-2 | B11: Mule wallets | C11: 0xfc60f0892e5a649a4ec23d1fec759c046e6cbfca7be36065e4bff290fdd1945d | D11: 46032.438 | E11: 0x120f84824907f93011168f9bc40fdae3c9dde3bd | F11: Mule Wallet (Hub) | G11: 0x69575a00d8fc4718f936fe49b21fea3d869093e3 | H11: Cash-Out Wallet | I11: 5.4 | J11: Consolidated forward of all 5 inbound amounts | K11: =IF(OR(ISNUMBER(SEARCH("Mixer",F11)),ISNUMBER(SEARCH("Mixer",H11))),"YES","NO") -> NO | L11: =IF(OR(ISNUMBER(SEARCH("Reported Scam",F11)),ISNUMBER(SEARCH("Reported Scam",H11))),"YES","NO") -> NO | M11: =IF(ISNUMBER(SEARCH("Bridge",H11)),"YES","NO") -> NO
A12: TYPO-3 | B12: Rapid movement of funds | C12: 0x1a4aea7409d78458081d531060db939341533be002c712dc9e166f89e69d3c14 | D12: 46034.417 | E12: 0xa7b497ae1c8069f5b262e92d40d620a925c221a8 | F12: Source P | G12: 0x4d3152ae6f981f6a5cbeebe13289c590f3f2576a | H12: Pass-Through Wallet | I12: 10 | J12: Cycle 1 inbound | K12: =IF(OR(ISNUMBER(SEARCH("Mixer",F12)),ISNUMBER(SEARCH("Mixer",H12))),"YES","NO") -> NO | L12: =IF(OR(ISNUMBER(SEARCH("Reported Scam",F12)),ISNUMBER(SEARCH("Reported Scam",H12))),"YES","NO") -> NO | M12: =IF(ISNUMBER(SEARCH("Bridge",H12)),"YES","NO") -> NO
A13: TYPO-3 | B13: Rapid movement of funds | C13: 0x51988b5d73f400563b81b939cb32d29bf61e97f83586e707150165b69b7bbbff | D13: 46034.419 | E13: 0x4d3152ae6f981f6a5cbeebe13289c590f3f2576a | F13: Pass-Through Wallet | G13: 0x5f8d021434e1f7d8b1475857765ee439c97ac8a7 | H13: Destination Q | I13: 9.9 | J13: Cycle 1 outbound - 4 min dwell | K13: =IF(OR(ISNUMBER(SEARCH("Mixer",F13)),ISNUMBER(SEARCH("Mixer",H13))),"YES","NO") -> NO | L13: =IF(OR(ISNUMBER(SEARCH("Reported Scam",F13)),ISNUMBER(SEARCH("Reported Scam",H13))),"YES","NO") -> NO | M13: =IF(ISNUMBER(SEARCH("Bridge",H13)),"YES","NO") -> NO
A14: TYPO-3 | B14: Rapid movement of funds | C14: 0x734f5c7cabc6e90ada47beba3bddf73968f157a1856dc8bb110e404b03592c99 | D14: 46034.458 | E14: 0x4cbf258364fd5bf8fa9dad72c8061da0895ce873 | F14: Source S | G14: 0x4d3152ae6f981f6a5cbeebe13289c590f3f2576a | H14: Pass-Through Wallet | I14: 8 | J14: Cycle 2 inbound | K14: =IF(OR(ISNUMBER(SEARCH("Mixer",F14)),ISNUMBER(SEARCH("Mixer",H14))),"YES","NO") -> NO | L14: =IF(OR(ISNUMBER(SEARCH("Reported Scam",F14)),ISNUMBER(SEARCH("Reported Scam",H14))),"YES","NO") -> NO | M14: =IF(ISNUMBER(SEARCH("Bridge",H14)),"YES","NO") -> NO
A15: TYPO-3 | B15: Rapid movement of funds | C15: 0x56d0f7cf36f6f725e09b2999c7f23189738c69ce19e7a38a18c501fae4cd9ea6 | D15: 46034.46 | E15: 0x4d3152ae6f981f6a5cbeebe13289c590f3f2576a | F15: Pass-Through Wallet | G15: 0x02b4339be08444218b3e4c58a0a50d036882f77e | H15: Destination T | I15: 7.9 | J15: Cycle 2 outbound - 3 min dwell | K15: =IF(OR(ISNUMBER(SEARCH("Mixer",F15)),ISNUMBER(SEARCH("Mixer",H15))),"YES","NO") -> NO | L15: =IF(OR(ISNUMBER(SEARCH("Reported Scam",F15)),ISNUMBER(SEARCH("Reported Scam",H15))),"YES","NO") -> NO | M15: =IF(ISNUMBER(SEARCH("Bridge",H15)),"YES","NO") -> NO
A16: TYPO-3 | B16: Rapid movement of funds | C16: 0x23590dbbb077bbc1b695a85ad9c5a14d2fe67fe039b9f8ecf8d868893316c750 | D16: 46034.604 | E16: 0x3ac2f8bd4643675e07a960369d3282f20ae696ae | F16: Source U | G16: 0x4d3152ae6f981f6a5cbeebe13289c590f3f2576a | H16: Pass-Through Wallet | I16: 12 | J16: Cycle 3 inbound | K16: =IF(OR(ISNUMBER(SEARCH("Mixer",F16)),ISNUMBER(SEARCH("Mixer",H16))),"YES","NO") -> NO | L16: =IF(OR(ISNUMBER(SEARCH("Reported Scam",F16)),ISNUMBER(SEARCH("Reported Scam",H16))),"YES","NO") -> NO | M16: =IF(ISNUMBER(SEARCH("Bridge",H16)),"YES","NO") -> NO
A17: TYPO-3 | B17: Rapid movement of funds | C17: 0x4311ccadfb10dec7381f7c7e9ff52e11382a668506d1ecf2ab94d3abb21ed80c | D17: 46034.608 | E17: 0x4d3152ae6f981f6a5cbeebe13289c590f3f2576a | F17: Pass-Through Wallet | G17: 0xb54bee1e9d39c3ce15bbd841e7e15ecdef1539be | H17: Destination V | I17: 11.9 | J17: Cycle 3 outbound - 5 min dwell | K17: =IF(OR(ISNUMBER(SEARCH("Mixer",F17)),ISNUMBER(SEARCH("Mixer",H17))),"YES","NO") -> NO | L17: =IF(OR(ISNUMBER(SEARCH("Reported Scam",F17)),ISNUMBER(SEARCH("Reported Scam",H17))),"YES","NO") -> NO | M17: =IF(ISNUMBER(SEARCH("Bridge",H17)),"YES","NO") -> NO
A18: TYPO-4 | B18: Wallet consolidation/dispersal | C18: 0xd91df14d5a434e10e03a69a265f61a73823f59654f7eb0c0b18855937b8c4f9f | D18: 46037.375 | E18: 0x653783fa329a3ad4f257e2f8ca60364fd32a1077 | F18: Collector Wallet 1 | G18: 0xfae02ac34586c4306a68063b6466c9da6301416e | H18: Consolidation Hub | I18: 15 | K18: =IF(OR(ISNUMBER(SEARCH("Mixer",F18)),ISNUMBER(SEARCH("Mixer",H18))),"YES","NO") -> NO | L18: =IF(OR(ISNUMBER(SEARCH("Reported Scam",F18)),ISNUMBER(SEARCH("Reported Scam",H18))),"YES","NO") -> NO | M18: =IF(ISNUMBER(SEARCH("Bridge",H18)),"YES","NO") -> NO
A19: TYPO-4 | B19: Wallet consolidation/dispersal | C19: 0xf2b03587dbfae4b221b67380721d012fa349d8e4a9819a0b37eb61074f3a94cc | D19: 46037.389 | E19: 0xb99adcf30c1c7961ef1c93288bf3500fafd252c3 | F19: Collector Wallet 2 | G19: 0xfae02ac34586c4306a68063b6466c9da6301416e | H19: Consolidation Hub | I19: 18 | K19: =IF(OR(ISNUMBER(SEARCH("Mixer",F19)),ISNUMBER(SEARCH("Mixer",H19))),"YES","NO") -> NO | L19: =IF(OR(ISNUMBER(SEARCH("Reported Scam",F19)),ISNUMBER(SEARCH("Reported Scam",H19))),"YES","NO") -> NO | M19: =IF(ISNUMBER(SEARCH("Bridge",H19)),"YES","NO") -> NO
A20: TYPO-4 | B20: Wallet consolidation/dispersal | C20: 0x88b029988d161b4c710164ac92396f3ef54bd6713f77e4f6c67c9781e0af653a | D20: 46037.406 | E20: 0x9a4563661967b218f90b94169816dfdd4ee28a84 | F20: Collector Wallet 3 | G20: 0xfae02ac34586c4306a68063b6466c9da6301416e | H20: Consolidation Hub | I20: 12 | K20: =IF(OR(ISNUMBER(SEARCH("Mixer",F20)),ISNUMBER(SEARCH("Mixer",H20))),"YES","NO") -> NO | L20: =IF(OR(ISNUMBER(SEARCH("Reported Scam",F20)),ISNUMBER(SEARCH("Reported Scam",H20))),"YES","NO") -> NO | M20: =IF(ISNUMBER(SEARCH("Bridge",H20)),"YES","NO") -> NO
A21: TYPO-4 | B21: Wallet consolidation/dispersal | C21: 0xe3c51f9507ed1ea025600710b334ba0cd8a48a1a0a930e364b5fdd4a836cc764 | D21: 46037.424 | E21: 0x89d6b814e37c01fff4d7166a0c968f381a0577ec | F21: Collector Wallet 4 | G21: 0xfae02ac34586c4306a68063b6466c9da6301416e | H21: Consolidation Hub | I21: 20 | K21: =IF(OR(ISNUMBER(SEARCH("Mixer",F21)),ISNUMBER(SEARCH("Mixer",H21))),"YES","NO") -> NO | L21: =IF(OR(ISNUMBER(SEARCH("Reported Scam",F21)),ISNUMBER(SEARCH("Reported Scam",H21))),"YES","NO") -> NO | M21: =IF(ISNUMBER(SEARCH("Bridge",H21)),"YES","NO") -> NO
A22: TYPO-4 | B22: Wallet consolidation/dispersal | C22: 0x3ca46c4964dad5447439fe95bd320c54183228fc4eedc56ca9201453f9ab407f | D22: 46037.583 | E22: 0xfae02ac34586c4306a68063b6466c9da6301416e | F22: Consolidation Hub | G22: 0xc125bf667208a03a1c5792132040e95aa30cb4b0 | H22: Dispersal Wallet 1 | I22: 13 | J22: 300 min after first inbound | K22: =IF(OR(ISNUMBER(SEARCH("Mixer",F22)),ISNUMBER(SEARCH("Mixer",H22))),"YES","NO") -> NO | L22: =IF(OR(ISNUMBER(SEARCH("Reported Scam",F22)),ISNUMBER(SEARCH("Reported Scam",H22))),"YES","NO") -> NO | M22: =IF(ISNUMBER(SEARCH("Bridge",H22)),"YES","NO") -> NO
A23: TYPO-4 | B23: Wallet consolidation/dispersal | C23: 0x5fac74af24a14d5502e042ca28f7693fc3fe30499791c145d7c295b52ac6fe33 | D23: 46037.587 | E23: 0xfae02ac34586c4306a68063b6466c9da6301416e | F23: Consolidation Hub | G23: 0x2d16a04360b21a959acd5c62bd14bd2c22d7df79 | H23: Dispersal Wallet 2 | I23: 13 | K23: =IF(OR(ISNUMBER(SEARCH("Mixer",F23)),ISNUMBER(SEARCH("Mixer",H23))),"YES","NO") -> NO | L23: =IF(OR(ISNUMBER(SEARCH("Reported Scam",F23)),ISNUMBER(SEARCH("Reported Scam",H23))),"YES","NO") -> NO | M23: =IF(ISNUMBER(SEARCH("Bridge",H23)),"YES","NO") -> NO
A24: TYPO-4 | B24: Wallet consolidation/dispersal | C24: 0x8340e88f2b065057e1e6d32b4a7e30b460fd929c8e711d78c1374708470a69d5 | D24: 46037.59 | E24: 0xfae02ac34586c4306a68063b6466c9da6301416e | F24: Consolidation Hub | G24: 0x303f39daac6687ce9110a6f15f0ebe99e624455f | H24: Dispersal Wallet 3 | I24: 13 | K24: =IF(OR(ISNUMBER(SEARCH("Mixer",F24)),ISNUMBER(SEARCH("Mixer",H24))),"YES","NO") -> NO | L24: =IF(OR(ISNUMBER(SEARCH("Reported Scam",F24)),ISNUMBER(SEARCH("Reported Scam",H24))),"YES","NO") -> NO | M24: =IF(ISNUMBER(SEARCH("Bridge",H24)),"YES","NO") -> NO
A25: TYPO-4 | B25: Wallet consolidation/dispersal | C25: 0x8a9a8eecc0c2ca578cfdcb46474d2ccc68dfb5462528d9774f813bd0f9226437 | D25: 46037.594 | E25: 0xfae02ac34586c4306a68063b6466c9da6301416e | F25: Consolidation Hub | G25: 0x01b08e51e99dd74f3bb3f0b92b7b02de7067a76c | H25: Dispersal Wallet 4 | I25: 13 | K25: =IF(OR(ISNUMBER(SEARCH("Mixer",F25)),ISNUMBER(SEARCH("Mixer",H25))),"YES","NO") -> NO | L25: =IF(OR(ISNUMBER(SEARCH("Reported Scam",F25)),ISNUMBER(SEARCH("Reported Scam",H25))),"YES","NO") -> NO | M25: =IF(ISNUMBER(SEARCH("Bridge",H25)),"YES","NO") -> NO
A26: TYPO-4 | B26: Wallet consolidation/dispersal | C26: 0x63eaffcd8f8074a97b0a69ac8b814c0af10e43d6ee073770535b16d39404aed7 | D26: 46037.597 | E26: 0xfae02ac34586c4306a68063b6466c9da6301416e | F26: Consolidation Hub | G26: 0x48777209a19b841404e9f4d0ec49e029ebd6d978 | H26: Dispersal Wallet 5 | I26: 13 | K26: =IF(OR(ISNUMBER(SEARCH("Mixer",F26)),ISNUMBER(SEARCH("Mixer",H26))),"YES","NO") -> NO | L26: =IF(OR(ISNUMBER(SEARCH("Reported Scam",F26)),ISNUMBER(SEARCH("Reported Scam",H26))),"YES","NO") -> NO | M26: =IF(ISNUMBER(SEARCH("Bridge",H26)),"YES","NO") -> NO
A27: TYPO-5 | B27: Mixer exposure | C27: 0x8b0637dc9cc855e08135fc071774c4e90d3f53d986a1ffb8abde3cc2fbccbd1c | D27: 46040.833 | E27: 0x96b8efb633d89bf523e469f2a25ea7cda11447af | F27: Wallet Prior to Mixer | G27: 0xf36d66efd7ec31ea958ad172a27670d604596fe6 | H27: Known Mixer - Deposit Address | I27: 50 | K27: =IF(OR(ISNUMBER(SEARCH("Mixer",F27)),ISNUMBER(SEARCH("Mixer",H27))),"YES","NO") -> YES | L27: =IF(OR(ISNUMBER(SEARCH("Reported Scam",F27)),ISNUMBER(SEARCH("Reported Scam",H27))),"YES","NO") -> NO | M27: =IF(ISNUMBER(SEARCH("Bridge",H27)),"YES","NO") -> NO
A28: TYPO-5 | B28: Mixer exposure | C28: 0x7df322f0da750e4ed99a326ff077846dc7eefdd1ced30efaf84f836be9a42c29 | D28: 46041.052 | E28: 0xf4b7d0a25e6166fe364cc7871496d1ca70fb16c0 | F28: Known Mixer - Withdrawal Address | G28: 0x848e4e97999972370450ddfc915b7267d9234fd2 | H28: Wallet After Mixer | I28: 48.5 | J28: Amount/timing consistent with the deposit, net of mixer fee — correlation only, not a proven on-chain link | K28: =IF(OR(ISNUMBER(SEARCH("Mixer",F28)),ISNUMBER(SEARCH("Mixer",H28))),"YES","NO") -> YES | L28: =IF(OR(ISNUMBER(SEARCH("Reported Scam",F28)),ISNUMBER(SEARCH("Reported Scam",H28))),"YES","NO") -> NO | M28: =IF(ISNUMBER(SEARCH("Bridge",H28)),"YES","NO") -> NO
A29: TYPO-6 | B29: Scam/fraud-related flows | C29: 0xe90acf4e8558bc1f3add3ba9f7e37e7b3af61d5208a9f1928fdac0d245007495 | D29: 46044.667 | E29: 0x5ab8ce8d9e1bdf0ec07b455ec83c14405d3af43a | F29: Victim Wallet | G29: 0x187c9e2a02c174edbe697dc31477e61f1196459a | H29: Reported Scam Wallet - Investment Fraud (Ext. Report #FR-2025-1182) | I29: 7.5 | J29: Victim's funds arrive at the reported scam wallet | K29: =IF(OR(ISNUMBER(SEARCH("Mixer",F29)),ISNUMBER(SEARCH("Mixer",H29))),"YES","NO") -> NO | L29: =IF(OR(ISNUMBER(SEARCH("Reported Scam",F29)),ISNUMBER(SEARCH("Reported Scam",H29))),"YES","NO") -> YES | M29: =IF(ISNUMBER(SEARCH("Bridge",H29)),"YES","NO") -> NO
A30: TYPO-6 | B30: Scam/fraud-related flows | C30: 0xf4f9318ef9be16ebb2a57ee14a5015bc93514396752049ed17d476a779cb82d4 | D30: 46044.681 | E30: 0x187c9e2a02c174edbe697dc31477e61f1196459a | F30: Reported Scam Wallet - Investment Fraud (Ext. Report #FR-2025-1182) | G30: 0xd4bb98b2a08a4bd3d733e48ada133998af3e0fc8 | H30: Post-Scam Layering Wallet 1 | I30: 7.4 | J30: Proceeds begin moving immediately | K30: =IF(OR(ISNUMBER(SEARCH("Mixer",F30)),ISNUMBER(SEARCH("Mixer",H30))),"YES","NO") -> NO | L30: =IF(OR(ISNUMBER(SEARCH("Reported Scam",F30)),ISNUMBER(SEARCH("Reported Scam",H30))),"YES","NO") -> YES | M30: =IF(ISNUMBER(SEARCH("Bridge",H30)),"YES","NO") -> NO
A31: TYPO-6 | B31: Scam/fraud-related flows | C31: 0xb725aa047b8406f80abe280e98e623ffddf0840a335a47ac5efdd6f88d48fa13 | D31: 46044.691 | E31: 0xd4bb98b2a08a4bd3d733e48ada133998af3e0fc8 | F31: Post-Scam Layering Wallet 1 | G31: 0xe20c4f6cc19ef195ee8630b885b92ab029d1d38e | H31: Post-Scam Layering Wallet 2 | I31: 7.3 | K31: =IF(OR(ISNUMBER(SEARCH("Mixer",F31)),ISNUMBER(SEARCH("Mixer",H31))),"YES","NO") -> NO | L31: =IF(OR(ISNUMBER(SEARCH("Reported Scam",F31)),ISNUMBER(SEARCH("Reported Scam",H31))),"YES","NO") -> NO | M31: =IF(ISNUMBER(SEARCH("Bridge",H31)),"YES","NO") -> NO
A32: TYPO-7 | B32: Cross-chain movement | C32: 0x090a2a316c7112019198ed499efeeceb2475b296c2f92bd53b99ab44980bea4c | D32: 46047.5 | E32: 0xb0e04345e85dbd6a0a6d7f8f13a8fa005966f0bc | F32: Wallet Prior to Bridge | G32: 0x43d6df02d529d8f252b5550df5d2f8771102497e | H32: Cross-Chain Bridge Contract (Bridge Protocol X) | I32: 22 | J32: Multi-chain monitoring subsequently observed a correlated inbound transfer, net of bridge fee, to a related wallet on a different chain — cross-chain correlation only, not a single-chain proof | K32: =IF(OR(ISNUMBER(SEARCH("Mixer",F32)),ISNUMBER(SEARCH("Mixer",H32))),"YES","NO") -> NO | L32: =IF(OR(ISNUMBER(SEARCH("Reported Scam",F32)),ISNUMBER(SEARCH("Reported Scam",H32))),"YES","NO") -> NO | M32: =IF(ISNUMBER(SEARCH("Bridge",H32)),"YES","NO") -> YES

Sheet Wallet_Behavior_Analysis
A1: wallet_address | B1: wallet_label | C1: typology_demonstrated | D1: inbound_txn_count | E1: outbound_txn_count | F1: total_inbound_eth | G1: total_outbound_eth | H1: value_retention_pct | I1: dwell_minutes_first_in_to_first_out | J1: flag_layering | K1: flag_mule_wallet | L1: flag_rapid_movement | M1: flag_consolidation_dispersal
A2: 0x326a898a59a1e301fc446b2bf8267bacd521837f | B2: Intermediate Hop 1 | C2: Layering through crypto | D2: =COUNTIF(Transactions!$G$2:$G$32,A2) -> 1 | E2: =COUNTIF(Transactions!$E$2:$E$32,A2) -> 1 | F2: =SUMIF(Transactions!$G$2:$G$32,A2,Transactions!$I$2:$I$32) -> 25 | G2: =SUMIF(Transactions!$E$2:$E$32,A2,Transactions!$I$2:$I$32) -> 24.9 | H2: =IF(F2=0,0,G2/F2) -> 0.996 | I2: =ROUND((_xlfn.MINIFS(Transactions!$D$2:$D$32,Transactions!$E$2:$E$32,A2)-_xlfn.MINIFS(Transactions!$D$2:$D$32,Transactions!$G$2:$G$32,A2))*1440,1) -> 15 | J2: =IF(AND(D2=1,E2=1,I2<60,H2>0.9),"YES","NO") -> YES | K2: =IF(AND(D2>=4,E2=1),"YES","NO") -> NO | L2: =IF(AND(D2>=3,E2>=3,I2<10),"YES","NO") -> NO | M2: =IF(AND(D2>=3,E2>=3,I2>=60),"YES","NO") -> NO
A3: 0x1c3bbeabd4a4084c5451878af71c8572f7242491 | B3: Intermediate Hop 2 | C3: Layering through crypto | D3: =COUNTIF(Transactions!$G$2:$G$32,A3) -> 1 | E3: =COUNTIF(Transactions!$E$2:$E$32,A3) -> 1 | F3: =SUMIF(Transactions!$G$2:$G$32,A3,Transactions!$I$2:$I$32) -> 24.9 | G3: =SUMIF(Transactions!$E$2:$E$32,A3,Transactions!$I$2:$I$32) -> 24.8 | H3: =IF(F3=0,0,G3/F3) -> 0.99598394 | I3: =ROUND((_xlfn.MINIFS(Transactions!$D$2:$D$32,Transactions!$E$2:$E$32,A3)-_xlfn.MINIFS(Transactions!$D$2:$D$32,Transactions!$G$2:$G$32,A3))*1440,1) -> 15 | J3: =IF(AND(D3=1,E3=1,I3<60,H3>0.9),"YES","NO") -> YES | K3: =IF(AND(D3>=4,E3=1),"YES","NO") -> NO | L3: =IF(AND(D3>=3,E3>=3,I3<10),"YES","NO") -> NO | M3: =IF(AND(D3>=3,E3>=3,I3>=60),"YES","NO") -> NO
A4: 0x58b1707e7f5b3dcefbc30bd36eb40d8db6d77c2e | B4: Intermediate Hop 3 | C4: Layering through crypto | D4: =COUNTIF(Transactions!$G$2:$G$32,A4) -> 1 | E4: =COUNTIF(Transactions!$E$2:$E$32,A4) -> 1 | F4: =SUMIF(Transactions!$G$2:$G$32,A4,Transactions!$I$2:$I$32) -> 24.8 | G4: =SUMIF(Transactions!$E$2:$E$32,A4,Transactions!$I$2:$I$32) -> 24.7 | H4: =IF(F4=0,0,G4/F4) -> 0.99596774 | I4: =ROUND((_xlfn.MINIFS(Transactions!$D$2:$D$32,Transactions!$E$2:$E$32,A4)-_xlfn.MINIFS(Transactions!$D$2:$D$32,Transactions!$G$2:$G$32,A4))*1440,1) -> 15 | J4: =IF(AND(D4=1,E4=1,I4<60,H4>0.9),"YES","NO") -> YES | K4: =IF(AND(D4>=4,E4=1),"YES","NO") -> NO | L4: =IF(AND(D4>=3,E4>=3,I4<10),"YES","NO") -> NO | M4: =IF(AND(D4>=3,E4>=3,I4>=60),"YES","NO") -> NO
A5: 0x120f84824907f93011168f9bc40fdae3c9dde3bd | B5: Mule Wallet (Hub) | C5: Mule wallets | D5: =COUNTIF(Transactions!$G$2:$G$32,A5) -> 5 | E5: =COUNTIF(Transactions!$E$2:$E$32,A5) -> 1 | F5: =SUMIF(Transactions!$G$2:$G$32,A5,Transactions!$I$2:$I$32) -> 5.5 | G5: =SUMIF(Transactions!$E$2:$E$32,A5,Transactions!$I$2:$I$32) -> 5.4 | H5: =IF(F5=0,0,G5/F5) -> 0.98181818 | I5: =ROUND((_xlfn.MINIFS(Transactions!$D$2:$D$32,Transactions!$E$2:$E$32,A5)-_xlfn.MINIFS(Transactions!$D$2:$D$32,Transactions!$G$2:$G$32,A5))*1440,1) -> 150 | J5: =IF(AND(D5=1,E5=1,I5<60,H5>0.9),"YES","NO") -> NO | K5: =IF(AND(D5>=4,E5=1),"YES","NO") -> YES | L5: =IF(AND(D5>=3,E5>=3,I5<10),"YES","NO") -> NO | M5: =IF(AND(D5>=3,E5>=3,I5>=60),"YES","NO") -> NO
A6: 0x4d3152ae6f981f6a5cbeebe13289c590f3f2576a | B6: Pass-Through Wallet | C6: Rapid movement of funds | D6: =COUNTIF(Transactions!$G$2:$G$32,A6) -> 3 | E6: =COUNTIF(Transactions!$E$2:$E$32,A6) -> 3 | F6: =SUMIF(Transactions!$G$2:$G$32,A6,Transactions!$I$2:$I$32) -> 30 | G6: =SUMIF(Transactions!$E$2:$E$32,A6,Transactions!$I$2:$I$32) -> 29.7 | H6: =IF(F6=0,0,G6/F6) -> 0.99 | I6: =ROUND((_xlfn.MINIFS(Transactions!$D$2:$D$32,Transactions!$E$2:$E$32,A6)-_xlfn.MINIFS(Transactions!$D$2:$D$32,Transactions!$G$2:$G$32,A6))*1440,1) -> 4 | J6: =IF(AND(D6=1,E6=1,I6<60,H6>0.9),"YES","NO") -> NO | K6: =IF(AND(D6>=4,E6=1),"YES","NO") -> NO | L6: =IF(AND(D6>=3,E6>=3,I6<10),"YES","NO") -> YES | M6: =IF(AND(D6>=3,E6>=3,I6>=60),"YES","NO") -> NO
A7: 0xfae02ac34586c4306a68063b6466c9da6301416e | B7: Consolidation Hub | C7: Wallet consolidation/dispersal | D7: =COUNTIF(Transactions!$G$2:$G$32,A7) -> 4 | E7: =COUNTIF(Transactions!$E$2:$E$32,A7) -> 5 | F7: =SUMIF(Transactions!$G$2:$G$32,A7,Transactions!$I$2:$I$32) -> 65 | G7: =SUMIF(Transactions!$E$2:$E$32,A7,Transactions!$I$2:$I$32) -> 65 | H7: =IF(F7=0,0,G7/F7) -> 1 | I7: =ROUND((_xlfn.MINIFS(Transactions!$D$2:$D$32,Transactions!$E$2:$E$32,A7)-_xlfn.MINIFS(Transactions!$D$2:$D$32,Transactions!$G$2:$G$32,A7))*1440,1) -> 300 | J7: =IF(AND(D7=1,E7=1,I7<60,H7>0.9),"YES","NO") -> NO | K7: =IF(AND(D7>=4,E7=1),"YES","NO") -> NO | L7: =IF(AND(D7>=3,E7>=3,I7<10),"YES","NO") -> NO | M7: =IF(AND(D7>=3,E7>=3,I7>=60),"YES","NO") -> YES
